time,seconds_elapsed,steps
1710954688810617900,-78.31338208007813,0
1710954795475214600,28.351214599609374,6
