time,seconds_elapsed,steps
1710890637014736400,-673.335263671875,0
1710891327738293500,17.38829345703125,12
1710891328419818000,18.06981787109375,13
