time,seconds_elapsed,steps
1711072661593566000,0.11156591796875,0
1711072666234852400,4.752852294921875,6
1711072666727655700,5.24565576171875,7
1711072667051368000,5.569367919921875,8
