time,seconds_elapsed,steps
1710954510931116800,-15.08788330078125,0
1710954577663777800,51.64477783203125,7
1710954578497184500,52.4781845703125,8
1710954579843763000,53.82476293945312,10
