time,seconds_elapsed,steps
1710955314946425600,-193.46057446289063,0
1710955599680955000,91.27395483398438,7
