time,seconds_elapsed,steps
1711422445052244700,0.13024462890625,0
1711422460232885000,15.310885009765625,12
1711422460897517800,15.975517822265624,13
